{
  "cagr": 0.034204185646114604,
  "ann_vol": 0.044990710190380895,
  "sharpe": 0.7700367342434061,
  "sortino": 0.8552504582625797,
  "max_drawdown": -0.08816120935137695,
  "hit_rate": 0.5060331825037707,
  "payoff_ratio": 1.1840581440666047
}